Sample	taxid	Species name	Reference genome length (bp)	Kraken reads assigned	QUAST reads mapped	QUAST genome fraction (%)	QUAST duplication ratio	QUAST aligned length	QUAST identity of mapped reads (%)	Bowtie2 reads mapped	Proportion kraken reads mapped with QUAST	Proportion kraken reads mapped with Bowtie2
hmp_ibd	562	Escherichia_coli	5594605	153.0	63.0	0.096	1.151	6165	97.63238095238094	78.0	0.4117647058823529	0.5098039215686274
hmp_ibd	817	Bacteroides_fragilis	5241700	6579.0	4491.0	6.778	1.234	438441	99.54765753729683	4838.0	0.6826265389876881	0.7353701170390637
hmp_ibd	818	Bacteroides_thetaiotaomicron	6304193	2510.0	1424.0	1.721	1.266	137359	99.32502106741575	1590.0	0.5673306772908366	0.6334661354581673
hmp_ibd	820	Bacteroides_uniformis	4920161	6536.0	4495.0	6.847	1.306	440112	99.3508854282536	4881.0	0.6877294981640147	0.7467870257037944
hmp_ibd	821	Phocaeicola_vulgatus	5163189	26406.0	22443.0	25.691	1.656	2196543	99.64079401149579	23373.0	0.8499204726198591	0.8851397409679618
hmp_ibd	823	Parabacteroides_distasonis	5348976	714.0	282.0	0.434	1.187	27596	98.92620567375886	326.0	0.3949579831932773	0.4565826330532213
hmp_ibd	853	Faecalibacterium_prausnitzii	3127383	3599.0	499.0	1.225	1.239	47436	98.2479358717435	872.0	0.1386496248958044	0.24228952486801889
hmp_ibd	1531	Enterocloster_clostridioformis	5539047	322.0	312.0	0.479	1.155	30624	99.81333333333333	320.0	0.968944099378882	0.9937888198757764
hmp_ibd	28116	Bacteroides_ovatus	6472489	2147.0	988.0	1.240	1.202	96508	99.28104251012144	1111.0	0.46017699115044247	0.5174662319515603
hmp_ibd	28118	Odoribacter_splanchnicus	4392177	450.0	436.0	0.813	1.200	42862	99.73410550458715	449.0	0.9688888888888889	0.9977777777777778
hmp_ibd	33025	Phascolarctobacterium_faecium	2454371	472.0	391.0	1.316	1.182	38175	99.53999999999999	437.0	0.8283898305084746	0.9258474576271186
hmp_ibd	33039	-Ruminococcus-_torques	2979783	865.0	269.0	0.736	1.198	26289	99.77423791821563	291.0	0.3109826589595376	0.33641618497109826
hmp_ibd	39488	Anaerobutyricum_hallii	3455681	404.0	355.0	0.852	1.172	34504	99.65292957746477	372.0	0.8787128712871287	0.9207920792079208
hmp_ibd	39491	Agathobacter_rectalis	3451485	8095.0	6435.0	12.762	1.405	619056	99.10230613830613	7100.0	0.794935145151328	0.8770846201358864
hmp_ibd	39496	Eubacterium_ventriosum	2761423	247.0	198.0	0.565	1.234	19248	99.36419191919192	217.0	0.8016194331983806	0.8785425101214575
hmp_ibd	40520	Blautia_obeum	3649956	309.0	263.0	0.589	1.195	25698	99.58813688212928	271.0	0.8511326860841424	0.8770226537216829
hmp_ibd	46503	Parabacteroides_merdae	4403124	2906.0	2576.0	4.603	1.240	251404	99.66206133540372	2695.0	0.8864418444597385	0.9273916035788025
hmp_ibd	47678	Bacteroides_caccae	5499725	1600.0	1481.0	2.162	1.221	145156	99.81307224848074	1530.0	0.925625	0.95625
hmp_ibd	88431	Dorea_longicatena	2919963	580.0	383.0	1.064	1.205	37442	99.44950391644909	418.0	0.6603448275862069	0.7206896551724138
hmp_ibd	166486	Roseburia_intestinalis	4493348	2606.0	2186.0	3.673	1.281	211359	99.57465233302837	2353.0	0.8388334612432847	0.9029163468917882
hmp_ibd	187327	Acidaminococcus_intestini	2305309	183.0	173.0	0.649	1.152	17228	99.93086705202313	175.0	0.9453551912568307	0.9562841530054644
hmp_ibd	208479	Enterocloster_bolteae	6377378	572.0	435.0	0.563	1.188	42600	99.02834482758621	476.0	0.7604895104895105	0.8321678321678322
hmp_ibd	214856	Alistipes_finegoldii	3563510	361.0	245.0	0.566	1.190	24011	99.03657142857142	279.0	0.6786703601108033	0.7728531855955678
hmp_ibd	239935	Akkermansia_muciniphila	2878459	232.0	187.0	0.565	1.120	18222	98.74689839572194	202.0	0.8060344827586207	0.8706896551724138
hmp_ibd	292800	Flavonifractor_plautii	3985392	720.0	560.0	1.084	1.259	54408	99.35653571428573	592.0	0.7777777777777778	0.8222222222222222
hmp_ibd	301301	Roseburia_hominis	3592125	346.0	267.0	0.609	1.187	25964	99.42022471910113	286.0	0.7716763005780347	0.8265895953757225
hmp_ibd	328813	Alistipes_onderdonkii	3507492	513.0	418.0	0.950	1.215	40512	98.99571770334929	446.0	0.8148148148148148	0.8693957115009746
hmp_ibd	328814	Alistipes_shahii	3809618	720.0	687.0	1.432	1.226	66876	99.73177583697233	717.0	0.9541666666666667	0.9958333333333333
hmp_ibd	329854	Bacteroides_intestinalis	6052596	600.0	565.0	0.793	1.159	55577	99.75571681415929	578.0	0.9416666666666667	0.9633333333333334
hmp_ibd	357276	Phocaeicola_dorei	5625488	6811.0	5589.0	6.796	1.396	533887	99.71139023081051	6044.0	0.8205843488474527	0.8873880487446777
hmp_ibd	371601	Bacteroides_xylanisolvens	6558523	1560.0	893.0	1.082	1.224	86795	99.12150055991042	1009.0	0.5724358974358974	0.6467948717948718
hmp_ibd	411483	Faecalibacterium_duncaniae	3102523	364.0	249.0	0.636	1.229	24251	99.09393574297188	271.0	0.6840659340659341	0.7445054945054945
hmp_ibd	649756	Anaerostipes_hadrus	2946270	701.0	546.0	1.364	1.304	52412	99.28525641025641	597.0	0.7788873038516405	0.8516405135520685
hmp_ibd	674529	Bacteroides_faecis	6352228	1423.0	1173.0	1.516	1.195	115140	99.74660699062233	1224.0	0.8243148278285313	0.8601546029515109
hmp_ibd	2093857	Dysosmobacter_welbionis	3381318	502.0	457.0	1.105	1.203	44924	99.6690590809628	476.0	0.9103585657370518	0.9482071713147411
hmp_ibd	2714355	Vescimonas_coprocola	2557760	261.0	253.0	0.795	1.214	24691	99.21213438735178	260.0	0.9693486590038314	0.9961685823754789
hmp_ibd	2847299	Bacteroides_sp._DH3716P	6640706	649.0	640.0	0.740	1.281	62833	99.9619375	648.0	0.9861325115562404	0.9984591679506933
hmp_ibd	2929495	Faecalibacterium_sp._I4-3-84	3119411	392.0	343.0	0.847	1.252	33096	99.31093294460642	385.0	0.875	0.9821428571428571
hmp_ibd	40545	Sutterella_wadsworthensis	3026517	331.0	324.0	0.896	1.174	31829	99.57996913580249	330.0	0.9788519637462235	0.9969788519637462
hmp_ibd	46506	Bacteroides_stercoris	4009829	6334.0	5618.0	10.336	1.325	549240	99.43591669633321	5919.0	0.886959267445532	0.9344805809914746
hmp_ibd	165179	Segatella_copri	3551614	19601.0	13874.0	23.334	1.625	1347024	98.77522848493585	15243.0	0.7078210295393093	0.7776644048773022
hmp_ibd	246787	Bacteroides_cellulosilyticus	7271073	168.0	132.0	0.152	1.164	12862	99.21734848484847	144.0	0.7857142857142857	0.8571428571428571
hmp_ibd	328812	Parabacteroides_goldsteinii	7053599	379.0	318.0	0.370	1.193	31148	99.36364779874215	338.0	0.8390501319261213	0.8918205804749341
hmp_ibd	454154	Paraprevotella_clara	4233768	437.0	348.0	0.691	1.161	33928	99.1412356321839	379.0	0.7963386727688787	0.8672768878718535
hmp_ibd	1160721	Ruminococcus_bicirculans_-ex_Wegman_et_al._2014-	2968500	269.0	236.0	0.585	1.287	22352	99.43228813559321	266.0	0.8773234200743495	0.9888475836431226
hmp_ibd	2518605	Segatella_hominis	4105402	194.0	72.0	0.132	1.307	7074	98.30583333333334	100.0	0.3711340206185567	0.5154639175257731
hmp_ibd	2763670	Wujia_chipingensis	2942917	146.0	137.0	0.316	1.394	12959	99.53598540145985	144.0	0.9383561643835616	0.9863013698630136
hmp_ibd	2929491	Faecalibacterium_sp._HTF-F	2919330	352.0	246.0	0.651	1.228	23349	98.87191056910568	311.0	0.6988636363636364	0.8835227272727273
CD	562	Escherichia_coli	5594605	122.0	54.0	0.080	1.182	5272	97.59351851851852	61.0	0.4426229508196721	0.5
CD	817	Bacteroides_fragilis	5241700	4425.0	2692.0	4.150	1.208	262713	99.53579494799405	2937.0	0.608361581920904	0.663728813559322
CD	818	Bacteroides_thetaiotaomicron	6304193	475.0	162.0	0.215	1.172	15890	99.50938271604939	167.0	0.3410526315789474	0.35157894736842105
CD	820	Bacteroides_uniformis	4920161	4747.0	3267.0	5.137	1.269	320624	99.29976737067645	3531.0	0.6882241415630925	0.7438382136085949
CD	821	Phocaeicola_vulgatus	5163189	15033.0	12992.0	17.193	1.438	1276260	99.65291871921183	13442.0	0.8642320228829907	0.894166167764252
CD	823	Parabacteroides_distasonis	5348976	354.0	110.0	0.178	1.124	10689	98.79	132.0	0.3107344632768362	0.3728813559322034
CD	853	Faecalibacterium_prausnitzii	3127383	2284.0	243.0	0.641	1.164	23324	97.84432098765431	465.0	0.1063922942206655	0.20359019264448336
CD	1531	Enterocloster_clostridioformis	5539047	310.0	301.0	0.464	1.151	29582	99.81983388704319	308.0	0.9709677419354839	0.9935483870967742
CD	28116	Bacteroides_ovatus	6472489	1355.0	450.0	0.589	1.164	44339	98.74477777777777	528.0	0.33210332103321033	0.3896678966789668
CD	28118	Odoribacter_splanchnicus	4392177	294.0	292.0	0.548	1.196	28820	99.67818493150685	293.0	0.9931972789115646	0.9965986394557823
CD	33025	Phascolarctobacterium_faecium	2454371	270.0	234.0	0.816	1.139	22822	99.5473076923077	259.0	0.8666666666666667	0.9592592592592593
CD	33039	-Ruminococcus-_torques	2979783	785.0	258.0	0.703	1.203	25211	99.79519379844963	279.0	0.3286624203821656	0.3554140127388535
CD	39488	Anaerobutyricum_hallii	3455681	351.0	309.0	0.740	1.177	30073	99.69281553398059	324.0	0.8803418803418803	0.9230769230769231
CD	39491	Agathobacter_rectalis	3451485	4814.0	3880.0	8.365	1.305	376863	99.04089690721648	4218.0	0.8059825508932281	0.8761944329040299
CD	39496	Eubacterium_ventriosum	2761423	110.0	82.0	0.238	1.215	7968	99.31073170731707	91.0	0.7454545454545455	0.8272727272727273
CD	40520	Blautia_obeum	3649956	263.0	236.0	0.534	1.192	23212	99.60228813559321	242.0	0.8973384030418251	0.9201520912547528
CD	46503	Parabacteroides_merdae	4403124	1150.0	1062.0	1.960	1.209	104353	99.78022598870056	1099.0	0.9234782608695652	0.9556521739130435
CD	47678	Bacteroides_caccae	5499725	1020.0	950.0	1.417	1.194	93073	99.83363157894736	988.0	0.9313725490196079	0.9686274509803922
CD	88431	Dorea_longicatena	2919963	430.0	267.0	0.748	1.195	26117	99.36011235955057	293.0	0.6209302325581395	0.6813953488372093
CD	166486	Roseburia_intestinalis	4493348	2246.0	1908.0	3.243	1.270	185103	99.59703354297694	2054.0	0.8495102404274265	0.9145146927871772
CD	187327	Acidaminococcus_intestini	2305309	183.0	173.0	0.649	1.152	17228	99.93086705202313	175.0	0.9453551912568307	0.9562841530054644
CD	208479	Enterocloster_bolteae	6377378	549.0	424.0	0.552	1.182	41495	99.01247641509433	464.0	0.7723132969034608	0.8451730418943534
CD	214856	Alistipes_finegoldii	3563510	266.0	186.0	0.437	1.175	18292	99.01951612903227	211.0	0.6992481203007519	0.793233082706767
CD	239935	Akkermansia_muciniphila	2878459	226.0	186.0	0.563	1.121	18155	98.74016129032259	201.0	0.8230088495575221	0.8893805309734514
CD	292800	Flavonifractor_plautii	3985392	505.0	397.0	0.781	1.239	38551	99.35516372795969	416.0	0.7861386138613862	0.8237623762376237
CD	301301	Roseburia_hominis	3592125	293.0	227.0	0.519	1.186	22113	99.3902643171806	246.0	0.7747440273037542	0.8395904436860068
CD	328813	Alistipes_onderdonkii	3507492	434.0	364.0	0.824	1.222	35300	99.00714285714285	391.0	0.8387096774193549	0.9009216589861752
CD	328814	Alistipes_shahii	3809618	423.0	411.0	0.870	1.206	39975	99.7645498783455	423.0	0.9716312056737588	1.0
CD	329854	Bacteroides_intestinalis	6052596	540.0	511.0	0.720	1.156	50342	99.79530332681017	522.0	0.9462962962962963	0.9666666666666667
CD	357276	Phocaeicola_dorei	5625488	358.0	258.0	0.356	1.255	25121	99.40054263565891	278.0	0.7206703910614525	0.776536312849162
CD	371601	Bacteroides_xylanisolvens	6558523	834.0	549.0	0.688	1.197	53987	99.2103825136612	608.0	0.658273381294964	0.7290167865707434
CD	411483	Faecalibacterium_duncaniae	3102523	282.0	203.0	0.524	1.215	19765	99.16014778325122	218.0	0.7198581560283688	0.7730496453900709
CD	649756	Anaerostipes_hadrus	2946270	362.0	284.0	0.765	1.227	27665	99.28172535211267	310.0	0.7845303867403315	0.856353591160221
CD	674529	Bacteroides_faecis	6352228	1125.0	962.0	1.234	1.202	94251	99.7706237006237	1001.0	0.8551111111111112	0.8897777777777778
CD	2093857	Dysosmobacter_welbionis	3381318	445.0	421.0	1.029	1.192	41486	99.69555819477435	432.0	0.946067415730337	0.9707865168539326
CD	2714355	Vescimonas_coprocola	2557760	223.0	221.0	0.713	1.191	21721	99.18941176470588	223.0	0.9910313901345291	1.0
CD	2847299	Bacteroides_sp._DH3716P	6640706	601.0	594.0	0.693	1.271	58357	99.9683164983165	601.0	0.9883527454242929	1.0
CD	2929495	Faecalibacterium_sp._I4-3-84	3119411	244.0	213.0	0.545	1.218	20707	99.33807511737086	238.0	0.8729508196721312	0.9754098360655737
CD	40545	Sutterella_wadsworthensis		0.0								
CD	46506	Bacteroides_stercoris	4009829	8.0	3.0	0.005	1.485	303	98.67999999999999	4.0	0.375	0.5
CD	165179	Segatella_copri	3551614	5.0	1.0	0.002	1.000	77	100.0	1.0	0.2	0.2
CD	246787	Bacteroides_cellulosilyticus	7271073	42.0	35.0	0.044	1.070	3428	99.05228571428572	39.0	0.8333333333333334	0.9285714285714286
CD	328812	Parabacteroides_goldsteinii	7053599	2.0	1.0	0.001	1.000	101	100.0	1.0	0.5	0.5
CD	454154	Paraprevotella_clara	4233768	1.0	0.0	0				0.0	0.0	0.0
CD	1160721	Ruminococcus_bicirculans_-ex_Wegman_et_al._2014-	2968500	16.0	16.0	0.039	1.252	1459	99.47749999999999	16.0	1.0	1.0
CD	2518605	Segatella_hominis		0.0								
CD	2763670	Wujia_chipingensis	2942917	13.0	13.0	0.024	1.801	1246	99.44999999999999	13.0	1.0	1.0
CD	2929491	Faecalibacterium_sp._HTF-F	2919330	129.0	81.0	0.242	1.124	7930	98.8053086419753	108.0	0.627906976744186	0.8372093023255814
nonIBD	562	Escherichia_coli	5594605	31.0	9.0	0.016	1.000	893	97.86555555555556	17.0	0.2903225806451613	0.5483870967741935
nonIBD	817	Bacteroides_fragilis	5241700	2154.0	1799.0	2.767	1.212	175728	99.56540856031127	1901.0	0.8351903435468895	0.882544103992572
nonIBD	818	Bacteroides_thetaiotaomicron	6304193	2035.0	1262.0	1.513	1.274	121469	99.30135499207607	1423.0	0.6201474201474202	0.6992628992628993
nonIBD	820	Bacteroides_uniformis	4920161	1789.0	1228.0	1.972	1.232	119488	99.48688110749185	1350.0	0.6864169927333706	0.7546115148127446
nonIBD	821	Phocaeicola_vulgatus	5163189	11373.0	9451.0	12.777	1.395	920283	99.6241265474553	9931.0	0.831003253319265	0.8732084762155984
nonIBD	823	Parabacteroides_distasonis	5348976	360.0	172.0	0.257	1.232	16907	99.01331395348838	194.0	0.4777777777777778	0.5388888888888889
nonIBD	853	Faecalibacterium_prausnitzii	3127383	1315.0	256.0	0.604	1.276	24112	98.6310546875	407.0	0.19467680608365018	0.30950570342205325
nonIBD	1531	Enterocloster_clostridioformis	5539047	12.0	11.0	0.015	1.294	1042	99.63545454545455	12.0	0.9166666666666666	1.0
nonIBD	28116	Bacteroides_ovatus	6472489	792.0	538.0	0.662	1.218	52169	99.7295910780669	583.0	0.6792929292929293	0.7361111111111112
nonIBD	28118	Odoribacter_splanchnicus	4392177	156.0	144.0	0.267	1.198	14042	99.84750000000001	156.0	0.9230769230769231	1.0
nonIBD	33025	Phascolarctobacterium_faecium	2454371	202.0	157.0	0.507	1.234	15353	99.52910828025477	178.0	0.7772277227722773	0.8811881188118812
nonIBD	33039	-Ruminococcus-_torques	2979783	80.0	11.0	0.033	1.088	1078	99.28272727272729	12.0	0.1375	0.15
nonIBD	39488	Anaerobutyricum_hallii	3455681	53.0	46.0	0.117	1.093	4431	99.38499999999998	48.0	0.8679245283018868	0.9056603773584906
nonIBD	39491	Agathobacter_rectalis	3451485	3281.0	2555.0	5.105	1.375	242193	99.19556164383562	2882.0	0.7787259981712893	0.8783907345321549
nonIBD	39496	Eubacterium_ventriosum	2761423	137.0	116.0	0.329	1.243	11280	99.40198275862066	126.0	0.8467153284671532	0.9197080291970803
nonIBD	40520	Blautia_obeum	3649956	46.0	27.0	0.056	1.221	2486	99.46444444444444	29.0	0.5869565217391305	0.6304347826086957
nonIBD	46503	Parabacteroides_merdae	4403124	1756.0	1514.0	2.710	1.233	147051	99.57917437252311	1596.0	0.8621867881548975	0.908883826879271
nonIBD	47678	Bacteroides_caccae	5499725	580.0	531.0	0.757	1.251	52083	99.77629001883238	542.0	0.9155172413793103	0.9344827586206896
nonIBD	88431	Dorea_longicatena	2919963	150.0	116.0	0.316	1.229	11325	99.65525862068965	125.0	0.7733333333333333	0.8333333333333334
nonIBD	166486	Roseburia_intestinalis	4493348	360.0	278.0	0.464	1.260	26256	99.42104316546762	299.0	0.7722222222222223	0.8305555555555556
nonIBD	187327	Acidaminococcus_intestini		0.0								
nonIBD	208479	Enterocloster_bolteae	6377378	23.0	11.0	0.013	1.331	1105	99.64	12.0	0.4782608695652174	0.5217391304347826
nonIBD	214856	Alistipes_finegoldii	3563510	95.0	59.0	0.133	1.205	5719	99.09033898305086	68.0	0.6210526315789474	0.7157894736842105
nonIBD	239935	Akkermansia_muciniphila	2878459	6.0	1.0	0.002	1.000	67	100.0	1.0	0.16666666666666666	0.16666666666666666
nonIBD	292800	Flavonifractor_plautii	3985392	215.0	163.0	0.305	1.305	15857	99.35987730061349	176.0	0.7581395348837209	0.8186046511627907
nonIBD	301301	Roseburia_hominis	3592125	53.0	40.0	0.093	1.153	3851	99.59025	40.0	0.7547169811320755	0.7547169811320755
nonIBD	328813	Alistipes_onderdonkii	3507492	79.0	54.0	0.127	1.171	5212	98.9187037037037	55.0	0.6835443037974683	0.6962025316455697
nonIBD	328814	Alistipes_shahii	3809618	297.0	276.0	0.581	1.215	26901	99.68297101449275	294.0	0.9292929292929293	0.98989898989899
nonIBD	329854	Bacteroides_intestinalis	6052596	60.0	54.0	0.073	1.187	5235	99.38111111111111	56.0	0.9	0.9333333333333333
nonIBD	357276	Phocaeicola_dorei	5625488	6453.0	5331.0	6.507	1.390	508766	99.72643406490337	5766.0	0.8261273826127382	0.893537889353789
nonIBD	371601	Bacteroides_xylanisolvens	6558523	726.0	344.0	0.400	1.250	32808	98.9796511627907	401.0	0.4738292011019284	0.5523415977961432
nonIBD	411483	Faecalibacterium_duncaniae	3102523	82.0	46.0	0.115	1.257	4486	98.80173913043478	53.0	0.5609756097560976	0.6463414634146342
nonIBD	649756	Anaerostipes_hadrus	2946270	339.0	262.0	0.620	1.355	24747	99.28908396946565	287.0	0.7728613569321534	0.8466076696165191
nonIBD	674529	Bacteroides_faecis	6352228	298.0	211.0	0.287	1.147	20889	99.63710900473934	223.0	0.7080536912751678	0.7483221476510067
nonIBD	2093857	Dysosmobacter_welbionis	3381318	57.0	36.0	0.078	1.306	3438	99.35916666666668	44.0	0.631578947368421	0.7719298245614035
nonIBD	2714355	Vescimonas_coprocola	2557760	38.0	32.0	0.082	1.418	2970	99.36906250000001	37.0	0.8421052631578947	0.9736842105263158
nonIBD	2847299	Bacteroides_sp._DH3716P	6640706	48.0	46.0	0.055	1.234	4476	99.8795652173913	47.0	0.9583333333333334	0.9791666666666666
nonIBD	2929495	Faecalibacterium_sp._I4-3-84	3119411	148.0	130.0	0.312	1.271	12389	99.26646153846153	147.0	0.8783783783783784	0.9932432432432432
nonIBD	40545	Sutterella_wadsworthensis	3026517	331.0	324.0	0.896	1.174	31829	99.57996913580249	330.0	0.9788519637462235	0.9969788519637462
nonIBD	46506	Bacteroides_stercoris	4009829	6326.0	5615.0	10.331	1.325	548937	99.43632056990204	5915.0	0.8876067024976289	0.9350300347771103
nonIBD	165179	Segatella_copri	3551614	19596.0	13873.0	23.332	1.625	1346947	98.77514020038925	15242.0	0.7079506021637069	0.777811798326189
nonIBD	246787	Bacteroides_cellulosilyticus	7271073	126.0	97.0	0.108	1.202	9434	99.27690721649485	105.0	0.7698412698412699	0.8333333333333334
nonIBD	328812	Parabacteroides_goldsteinii	7053599	377.0	317.0	0.369	1.194	31047	99.3616403785489	337.0	0.8408488063660478	0.8938992042440318
nonIBD	454154	Paraprevotella_clara	4233768	436.0	348.0	0.691	1.161	33928	99.1412356321839	379.0	0.7981651376146789	0.8692660550458715
nonIBD	1160721	Ruminococcus_bicirculans_-ex_Wegman_et_al._2014-	2968500	253.0	220.0	0.546	1.290	20893	99.42899999999999	250.0	0.8695652173913043	0.9881422924901185
nonIBD	2518605	Segatella_hominis	4105402	194.0	72.0	0.132	1.307	7074	98.30583333333334	100.0	0.3711340206185567	0.5154639175257731
nonIBD	2763670	Wujia_chipingensis	2942917	133.0	124.0	0.292	1.361	11713	99.545	131.0	0.9323308270676691	0.9849624060150376
nonIBD	2929491	Faecalibacterium_sp._HTF-F	2919330	223.0	165.0	0.415	1.274	15419	98.90460606060606	203.0	0.7399103139013453	0.9103139013452914
CSM79HR8	562	Escherichia_coli	5594605	1.0	1.0	0.002	1.000	101	97.03	1.0	1.0	1.0
CSM79HR8	817	Bacteroides_fragilis	5241700	13.0	0.0	0				0.0	0.0	0.0
CSM79HR8	818	Bacteroides_thetaiotaomicron	6304193	194.0	125.0	0.172	1.146	12396	99.64688000000001	127.0	0.6443298969072165	0.654639175257732
CSM79HR8	820	Bacteroides_uniformis	4920161	2514.0	1777.0	2.981	1.197	175566	99.3298424310636	1893.0	0.7068416865552903	0.752983293556086
CSM79HR8	821	Phocaeicola_vulgatus	5163189	5451.0	4668.0	7.216	1.241	462535	99.58815766923735	4800.0	0.8563566318106769	0.8805723720418271
CSM79HR8	823	Parabacteroides_distasonis	5348976	73.0	1.0	0.002	1.000	101	100.0	1.0	0.0136986301369863	0.0136986301369863
CSM79HR8	853	Faecalibacterium_prausnitzii	3127383	128.0	58.0	0.171	1.079	5765	98.2056896551724	69.0	0.453125	0.5390625
CSM79HR8	1531	Enterocloster_clostridioformis	5539047	3.0	1.0	0.002	1.000	101	95.05	1.0	0.3333333333333333	0.3333333333333333
CSM79HR8	28116	Bacteroides_ovatus	6472489	529.0	239.0	0.323	1.130	23652	98.56548117154813	287.0	0.45179584120982985	0.5425330812854442
CSM79HR8	28118	Odoribacter_splanchnicus	4392177	30.0	30.0	0.057	1.195	2977	99.76899999999999	30.0	1.0	1.0
CSM79HR8	33025	Phascolarctobacterium_faecium	2454371	70.0	68.0	0.251	1.075	6632	99.52073529411766	69.0	0.9714285714285714	0.9857142857142858
CSM79HR8	33039	-Ruminococcus-_torques	2979783	9.0	4.0	0.010	1.379	404	99.7525	6.0	0.4444444444444444	0.6666666666666666
CSM79HR8	39488	Anaerobutyricum_hallii	3455681	3.0	2.0	0.006	1.052	202	100.0	2.0	0.6666666666666666	0.6666666666666666
CSM79HR8	39491	Agathobacter_rectalis	3451485	676.0	585.0	1.373	1.218	57695	99.18962393162391	615.0	0.8653846153846154	0.9097633136094675
CSM79HR8	39496	Eubacterium_ventriosum	2761423	2.0	0.0	0				0.0	0.0	0.0
CSM79HR8	40520	Blautia_obeum	3649956	156.0	153.0	0.348	1.187	15067	99.580522875817	155.0	0.9807692307692307	0.9935897435897436
CSM79HR8	46503	Parabacteroides_merdae	4403124	419.0	378.0	0.730	1.165	37444	99.57417989417989	388.0	0.9021479713603818	0.9260143198090692
CSM79HR8	47678	Bacteroides_caccae	5499725	88.0	86.0	0.133	1.175	8568	99.48953488372094	86.0	0.9772727272727273	0.9772727272727273
CSM79HR8	88431	Dorea_longicatena	2919963	23.0	18.0	0.054	1.135	1801	99.66944444444444	19.0	0.782608695652174	0.8260869565217391
CSM79HR8	166486	Roseburia_intestinalis	4493348	6.0	4.0	0.009	1.000	404	100.0	4.0	0.6666666666666666	0.6666666666666666
CSM79HR8	187327	Acidaminococcus_intestini	2305309	183.0	173.0	0.649	1.152	17228	99.93086705202313	175.0	0.9453551912568307	0.9562841530054644
CSM79HR8	208479	Enterocloster_bolteae	6377378	16.0	9.0	0.012	1.142	898	99.67	9.0	0.5625	0.5625
CSM79HR8	214856	Alistipes_finegoldii		0.0								
CSM79HR8	239935	Akkermansia_muciniphila	2878459	224.0	186.0	0.563	1.121	18155	98.74016129032259	201.0	0.8303571428571429	0.8973214285714286
CSM79HR8	292800	Flavonifractor_plautii	3985392	25.0	13.0	0.029	1.124	1286	98.98461538461538	16.0	0.52	0.64
CSM79HR8	301301	Roseburia_hominis	3592125	53.0	49.0	0.112	1.171	4718	99.48020408163266	49.0	0.9245283018867925	0.9245283018867925
CSM79HR8	328813	Alistipes_onderdonkii	3507492	5.0	2.0	0.006	1.000	201	97.52000000000001	3.0	0.4	0.6
CSM79HR8	328814	Alistipes_shahii	3809618	19.0	19.0	0.043	1.142	1866	99.93263157894737	19.0	1.0	1.0
CSM79HR8	329854	Bacteroides_intestinalis	6052596	513.0	490.0	0.693	1.153	48327	99.85010204081634	501.0	0.9551656920077972	0.9766081871345029
CSM79HR8	357276	Phocaeicola_dorei	5625488	63.0	53.0	0.079	1.174	5198	98.91377358490566	55.0	0.8412698412698413	0.873015873015873
CSM79HR8	371601	Bacteroides_xylanisolvens	6558523	51.0	6.0	0.007	1.297	598	98.67	8.0	0.11764705882352941	0.1568627450980392
CSM79HR8	411483	Faecalibacterium_duncaniae	3102523	2.0	1.0	0.003	1.000	101	99.01	2.0	0.5	1.0
CSM79HR8	649756	Anaerostipes_hadrus	2946270	5.0	2.0	0.006	1.224	202	99.01	2.0	0.4	0.4
CSM79HR8	674529	Bacteroides_faecis	6352228	11.0	1.0	0.001	1.000	89	95.51	1.0	0.09090909090909091	0.09090909090909091
CSM79HR8	2093857	Dysosmobacter_welbionis	3381318	150.0	146.0	0.378	1.134	14499	99.74404109589042	147.0	0.9733333333333334	0.98
CSM79HR8	2714355	Vescimonas_coprocola	2557760	2.0	2.0	0.005	1.554	202	100.0	2.0	1.0	1.0
CSM79HR8	2847299	Bacteroides_sp._DH3716P	6640706	4.0	4.0	0.004	1.265	348	100.0	4.0	1.0	1.0
CSM79HR8	2929495	Faecalibacterium_sp._I4-3-84	3119411	5.0	3.0	0.009	1.000	277	97.58333333333333	5.0	0.6	1.0
CSM79HR8	40545	Sutterella_wadsworthensis		0.0								
CSM79HR8	46506	Bacteroides_stercoris	4009829	2.0	2.0	0.003	1.961	202	98.02	2.0	1.0	1.0
CSM79HR8	165179	Segatella_copri		0.0								
CSM79HR8	246787	Bacteroides_cellulosilyticus	7271073	9.0	9.0	0.011	1.060	878	98.42444444444443	9.0	1.0	1.0
CSM79HR8	328812	Parabacteroides_goldsteinii		0.0								
CSM79HR8	454154	Paraprevotella_clara	4233768	1.0	0.0	0				0.0	0.0	0.0
CSM79HR8	1160721	Ruminococcus_bicirculans_-ex_Wegman_et_al._2014-	2968500	1.0	1.0	0.003	1.000	96	100.0	1.0	1.0	1.0
CSM79HR8	2518605	Segatella_hominis		0.0								
CSM79HR8	2763670	Wujia_chipingensis		0.0								
CSM79HR8	2929491	Faecalibacterium_sp._HTF-F	2919330	13.0	11.0	0.033	1.083	1045	99.22363636363637	13.0	0.8461538461538461	1.0
CSM7KOMH	562	Escherichia_coli	5594605	14.0	2.0	0.004	1.000	202	97.03	2.0	0.14285714285714285	0.14285714285714285
CSM7KOMH	817	Bacteroides_fragilis	5241700	1597.0	175.0	0.277	1.173	17055	97.8758857142857	328.0	0.10958046336881654	0.20538509705698185
CSM7KOMH	818	Bacteroides_thetaiotaomicron	6304193	75.0	2.0	0.003	1.000	193	98.405	2.0	0.02666666666666667	0.02666666666666667
CSM7KOMH	820	Bacteroides_uniformis	4920161	1.0	0.0	0				0.0	0.0	0.0
CSM7KOMH	821	Phocaeicola_vulgatus	5163189	20.0	1.0	0.002	1.000	101	100.0	1.0	0.05	0.05
CSM7KOMH	823	Parabacteroides_distasonis	5348976	10.0	0.0	0				0.0	0.0	0.0
CSM7KOMH	853	Faecalibacterium_prausnitzii	3127383	1.0	0.0	0				0.0	0.0	0.0
CSM7KOMH	1531	Enterocloster_clostridioformis	5539047	282.0	277.0	0.431	1.144	27329	99.84003610108303	282.0	0.9822695035460993	1.0
CSM7KOMH	28116	Bacteroides_ovatus	6472489	619.0	127.0	0.162	1.194	12518	98.96118110236222	139.0	0.20516962843295639	0.2245557350565428
CSM7KOMH	28118	Odoribacter_splanchnicus		0.0								
CSM7KOMH	33025	Phascolarctobacterium_faecium		0.0								
CSM7KOMH	33039	-Ruminococcus-_torques	2979783	20.0	0.0	0				0.0	0.0	0.0
CSM7KOMH	39488	Anaerobutyricum_hallii	3455681	4.0	1.0	0.003	1.000	101	96.04	2.0	0.25	0.5
CSM7KOMH	39491	Agathobacter_rectalis	3451485	2.0	0.0	0				1.0	0.0	0.5
CSM7KOMH	39496	Eubacterium_ventriosum		0.0								
CSM7KOMH	40520	Blautia_obeum		0.0								
CSM7KOMH	46503	Parabacteroides_merdae		0.0								
CSM7KOMH	47678	Bacteroides_caccae	5499725	4.0	0.0	0				2.0	0.0	0.5
CSM7KOMH	88431	Dorea_longicatena	2919963	18.0	7.0	0.024	1.022	703	98.43142857142857	8.0	0.3888888888888889	0.4444444444444444
CSM7KOMH	166486	Roseburia_intestinalis		0.0								
CSM7KOMH	187327	Acidaminococcus_intestini		0.0								
CSM7KOMH	208479	Enterocloster_bolteae	6377378	386.0	311.0	0.414	1.161	30578	98.72118971061093	344.0	0.805699481865285	0.8911917098445595
CSM7KOMH	214856	Alistipes_finegoldii	3563510	4.0	0.0	0				0.0	0.0	0.0
CSM7KOMH	239935	Akkermansia_muciniphila		0.0								
CSM7KOMH	292800	Flavonifractor_plautii	3985392	46.0	39.0	0.071	1.287	3658	99.2448717948718	41.0	0.8478260869565217	0.8913043478260869
CSM7KOMH	301301	Roseburia_hominis		0.0								
CSM7KOMH	328813	Alistipes_onderdonkii		0.0								
CSM7KOMH	328814	Alistipes_shahii		0.0								
CSM7KOMH	329854	Bacteroides_intestinalis	6052596	1.0	0.0	0				0.0	0.0	0.0
CSM7KOMH	357276	Phocaeicola_dorei	5625488	1.0	0.0	0				0.0	0.0	0.0
CSM7KOMH	371601	Bacteroides_xylanisolvens	6558523	59.0	38.0	0.045	1.278	3804	98.8992105263158	46.0	0.6440677966101694	0.7796610169491526
CSM7KOMH	411483	Faecalibacterium_duncaniae	3102523	1.0	0.0	0				1.0	0.0	1.0
CSM7KOMH	649756	Anaerostipes_hadrus	2946270	25.0	16.0	0.038	1.360	1512	99.47874999999999	20.0	0.64	0.8
CSM7KOMH	674529	Bacteroides_faecis	6352228	2.0	0.0	0				0.0	0.0	0.0
CSM7KOMH	2093857	Dysosmobacter_welbionis		0.0								
CSM7KOMH	2714355	Vescimonas_coprocola		0.0								
CSM7KOMH	2847299	Bacteroides_sp._DH3716P	6640706	527.0	522.0	0.620	1.250	51385	99.9772796934866	527.0	0.9905123339658444	1.0
CSM7KOMH	2929495	Faecalibacterium_sp._I4-3-84		0.0								
CSM7KOMH	40545	Sutterella_wadsworthensis		0.0								
CSM7KOMH	46506	Bacteroides_stercoris		0.0								
CSM7KOMH	165179	Segatella_copri	3551614	1.0	0.0	0				0.0	0.0	0.0
CSM7KOMH	246787	Bacteroides_cellulosilyticus	7271073	5.0	5.0	0.005	1.198	447	99.588	5.0	1.0	1.0
CSM7KOMH	328812	Parabacteroides_goldsteinii		0.0								
CSM7KOMH	454154	Paraprevotella_clara		0.0								
CSM7KOMH	1160721	Ruminococcus_bicirculans_-ex_Wegman_et_al._2014-		0.0								
CSM7KOMH	2518605	Segatella_hominis		0.0								
CSM7KOMH	2763670	Wujia_chipingensis		0.0								
CSM7KOMH	2929491	Faecalibacterium_sp._HTF-F		0.0								
HSM6XRQY	562	Escherichia_coli	5594605	3.0	2.0	0.004	1.000	202	98.02000000000001	2.0	0.6666666666666666	0.6666666666666666
HSM6XRQY	817	Bacteroides_fragilis	5241700	1878.0	1646.0	2.541	1.207	160776	99.55716281895504	1740.0	0.8764643237486688	0.9265175718849841
HSM6XRQY	818	Bacteroides_thetaiotaomicron	6304193	728.0	539.0	0.684	1.217	52446	99.31378478664192	589.0	0.7403846153846154	0.8090659340659341
HSM6XRQY	820	Bacteroides_uniformis	4920161	21.0	3.0	0.004	1.442	261	99.16666666666667	3.0	0.14285714285714285	0.14285714285714285
HSM6XRQY	821	Phocaeicola_vulgatus	5163189	5205.0	4487.0	6.487	1.304	436698	99.6494205482505	4705.0	0.8620557156580211	0.9039385206532181
HSM6XRQY	823	Parabacteroides_distasonis	5348976	31.0	3.0	0.006	1.000	298	97.29	3.0	0.0967741935483871	0.0967741935483871
HSM6XRQY	853	Faecalibacterium_prausnitzii	3127383	93.0	1.0	0.003	1.000	101	99.01	8.0	0.010752688172043012	0.08602150537634409
HSM6XRQY	1531	Enterocloster_clostridioformis	5539047	5.0	5.0	0.006	1.455	505	100.0	5.0	1.0	1.0
HSM6XRQY	28116	Bacteroides_ovatus	6472489	614.0	466.0	0.566	1.230	45090	99.7618025751073	500.0	0.758957654723127	0.8143322475570033
HSM6XRQY	28118	Odoribacter_splanchnicus	4392177	1.0	1.0	0.002	1.000	100	96.0	1.0	1.0	1.0
HSM6XRQY	33025	Phascolarctobacterium_faecium	2454371	82.0	59.0	0.184	1.271	5750	99.50474576271188	61.0	0.7195121951219512	0.7439024390243902
HSM6XRQY	33039	-Ruminococcus-_torques	2979783	7.0	3.0	0.006	1.463	275	100.0	3.0	0.42857142857142855	0.42857142857142855
HSM6XRQY	39488	Anaerobutyricum_hallii	3455681	1.0	1.0	0.003	1.000	101	100.0	1.0	1.0	1.0
HSM6XRQY	39491	Agathobacter_rectalis	3451485	129.0	109.0	0.252	1.209	10535	98.91431192660552	117.0	0.8449612403100775	0.9069767441860465
HSM6XRQY	39496	Eubacterium_ventriosum		0.0								
HSM6XRQY	40520	Blautia_obeum	3649956	1.0	0.0	0				0.0	0.0	0.0
HSM6XRQY	46503	Parabacteroides_merdae	4403124	1280.0	1102.0	1.963	1.236	106860	99.52247731397458	1169.0	0.8609375	0.91328125
HSM6XRQY	47678	Bacteroides_caccae	5499725	18.0	14.0	0.021	1.139	1320	99.84	14.0	0.7777777777777778	0.7777777777777778
HSM6XRQY	88431	Dorea_longicatena	2919963	7.0	2.0	0.007	1.000	195	99.47	2.0	0.2857142857142857	0.2857142857142857
HSM6XRQY	166486	Roseburia_intestinalis	4493348	1.0	0.0	0				0.0	0.0	0.0
HSM6XRQY	187327	Acidaminococcus_intestini		0.0								
HSM6XRQY	208479	Enterocloster_bolteae	6377378	7.0	3.0	0.003	1.431	299	99.33999999999999	4.0	0.42857142857142855	0.5714285714285714
HSM6XRQY	214856	Alistipes_finegoldii		0.0								
HSM6XRQY	239935	Akkermansia_muciniphila	2878459	1.0	0.0	0				0.0	0.0	0.0
HSM6XRQY	292800	Flavonifractor_plautii	3985392	148.0	114.0	0.217	1.272	11018	99.33201754385965	125.0	0.7702702702702703	0.8445945945945946
HSM6XRQY	301301	Roseburia_hominis		0.0								
HSM6XRQY	328813	Alistipes_onderdonkii		0.0								
HSM6XRQY	328814	Alistipes_shahii		0.0								
HSM6XRQY	329854	Bacteroides_intestinalis		0.0								
HSM6XRQY	357276	Phocaeicola_dorei	5625488	109.0	87.0	0.112	1.328	8382	99.31126436781611	92.0	0.7981651376146789	0.8440366972477065
HSM6XRQY	371601	Bacteroides_xylanisolvens	6558523	88.0	10.0	0.014	1.039	955	98.76899999999999	13.0	0.11363636363636363	0.14772727272727273
HSM6XRQY	411483	Faecalibacterium_duncaniae		0.0								
HSM6XRQY	649756	Anaerostipes_hadrus	2946270	64.0	46.0	0.129	1.171	4463	99.35500000000002	51.0	0.71875	0.796875
HSM6XRQY	674529	Bacteroides_faecis	6352228	37.0	7.0	0.011	1.000	693	97.24142857142856	9.0	0.1891891891891892	0.24324324324324326
HSM6XRQY	2093857	Dysosmobacter_welbionis		0.0								
HSM6XRQY	2714355	Vescimonas_coprocola		0.0								
HSM6XRQY	2847299	Bacteroides_sp._DH3716P	6640706	6.0	6.0	0.007	1.197	583	99.57333333333334	6.0	1.0	1.0
HSM6XRQY	2929495	Faecalibacterium_sp._I4-3-84	3119411	1.0	1.0	0.003	1.000	101	100.0	1.0	1.0	1.0
HSM6XRQY	40545	Sutterella_wadsworthensis		0.0								
HSM6XRQY	46506	Bacteroides_stercoris	4009829	5321.0	4721.0	8.925	1.293	462617	99.42405422579962	4966.0	0.887239240744221	0.9332832174403307
HSM6XRQY	165179	Segatella_copri		0.0								
HSM6XRQY	246787	Bacteroides_cellulosilyticus	7271073	7.0	0.0	0				0.0	0.0	0.0
HSM6XRQY	328812	Parabacteroides_goldsteinii	7053599	1.0	1.0	0.001	1.000	101	96.04	1.0	1.0	1.0
HSM6XRQY	454154	Paraprevotella_clara		0.0								
HSM6XRQY	1160721	Ruminococcus_bicirculans_-ex_Wegman_et_al._2014-		0.0								
HSM6XRQY	2518605	Segatella_hominis	4105402	1.0	1.0	0.002	1.000	98	94.9	1.0	1.0	1.0
HSM6XRQY	2763670	Wujia_chipingensis		0.0								
HSM6XRQY	2929491	Faecalibacterium_sp._HTF-F		0.0								
HSM7J4QT	562	Escherichia_coli	5594605	107.0	51.0	0.074	1.195	4969	97.62666666666665	58.0	0.4766355140186916	0.5420560747663551
HSM7J4QT	817	Bacteroides_fragilis	5241700	874.0	769.0	1.162	1.223	74478	99.61654096228868	804.0	0.879862700228833	0.919908466819222
HSM7J4QT	818	Bacteroides_thetaiotaomicron	6304193	68.0	21.0	0.023	1.326	1964	99.37	24.0	0.3088235294117647	0.35294117647058826
HSM7J4QT	820	Bacteroides_uniformis	4920161	1597.0	1063.0	1.709	1.232	103625	99.24026340545625	1172.0	0.6656230432060113	0.7338760175328741
HSM7J4QT	821	Phocaeicola_vulgatus	5163189	3053.0	2569.0	3.759	1.289	250173	99.72624367458154	2704.0	0.8414674091057975	0.8856862102849656
HSM7J4QT	823	Parabacteroides_distasonis	5348976	17.0	0.0	0				2.0	0.0	0.11764705882352941
HSM7J4QT	853	Faecalibacterium_prausnitzii	3127383	553.0	46.0	0.126	1.130	4450	97.40369565217392	101.0	0.08318264014466546	0.18264014466546113
HSM7J4QT	1531	Enterocloster_clostridioformis	5539047	10.0	10.0	0.014	1.262	948	99.9	10.0	1.0	1.0
HSM7J4QT	28116	Bacteroides_ovatus	6472489	39.0	15.0	0.020	1.139	1444	98.47466666666666	20.0	0.38461538461538464	0.5128205128205128
HSM7J4QT	28118	Odoribacter_splanchnicus	4392177	106.0	104.0	0.190	1.227	10238	99.78519230769231	106.0	0.9811320754716981	1.0
HSM7J4QT	33025	Phascolarctobacterium_faecium		0.0								
HSM7J4QT	33039	-Ruminococcus-_torques	2979783	264.0	77.0	0.198	1.267	7462	99.88363636363637	82.0	0.2916666666666667	0.3106060606060606
HSM7J4QT	39488	Anaerobutyricum_hallii	3455681	16.0	5.0	0.013	1.153	498	98.798	11.0	0.3125	0.6875
HSM7J4QT	39491	Agathobacter_rectalis	3451485	1380.0	1086.0	2.325	1.299	104236	99.20348987108655	1205.0	0.7869565217391304	0.8731884057971014
HSM7J4QT	39496	Eubacterium_ventriosum	2761423	2.0	0.0	0				0.0	0.0	0.0
HSM7J4QT	40520	Blautia_obeum	3649956	17.0	13.0	0.029	1.204	1289	100.0	13.0	0.7647058823529411	0.7647058823529411
HSM7J4QT	46503	Parabacteroides_merdae	4403124	164.0	147.0	0.272	1.211	14485	99.62503401360544	155.0	0.8963414634146342	0.9451219512195121
HSM7J4QT	47678	Bacteroides_caccae	5499725	379.0	364.0	0.541	1.201	35742	99.97008241758242	379.0	0.9604221635883905	1.0
HSM7J4QT	88431	Dorea_longicatena	2919963	70.0	20.0	0.055	1.226	1986	98.473	29.0	0.2857142857142857	0.4142857142857143
HSM7J4QT	166486	Roseburia_intestinalis	4493348	16.0	4.0	0.005	1.772	388	99.2125	4.0	0.25	0.25
HSM7J4QT	187327	Acidaminococcus_intestini		0.0								
HSM7J4QT	208479	Enterocloster_bolteae	6377378	109.0	87.0	0.102	1.279	8328	99.94310344827585	92.0	0.7981651376146789	0.8440366972477065
HSM7J4QT	214856	Alistipes_finegoldii	3563510	8.0	0.0	0				1.0	0.0	0.125
HSM7J4QT	239935	Akkermansia_muciniphila		0.0								
HSM7J4QT	292800	Flavonifractor_plautii	3985392	94.0	62.0	0.125	1.208	6002	99.51112903225807	66.0	0.6595744680851063	0.7021276595744681
HSM7J4QT	301301	Roseburia_hominis	3592125	11.0	2.0	0.006	1.000	202	99.505	4.0	0.18181818181818182	0.36363636363636365
HSM7J4QT	328813	Alistipes_onderdonkii	3507492	422.0	360.0	0.812	1.225	34897	99.0236388888889	382.0	0.8530805687203792	0.9052132701421801
HSM7J4QT	328814	Alistipes_shahii	3809618	6.0	6.0	0.013	1.179	592	98.11333333333333	6.0	1.0	1.0
HSM7J4QT	329854	Bacteroides_intestinalis	6052596	24.0	21.0	0.027	1.237	2015	98.51666666666667	21.0	0.875	0.875
HSM7J4QT	357276	Phocaeicola_dorei	5625488	76.0	46.0	0.064	1.218	4357	99.5441304347826	54.0	0.6052631578947368	0.7105263157894737
HSM7J4QT	371601	Bacteroides_xylanisolvens	6558523	202.0	141.0	0.177	1.183	13702	99.18191489361703	156.0	0.698019801980198	0.7722772277227723
HSM7J4QT	411483	Faecalibacterium_duncaniae	3102523	33.0	13.0	0.038	1.084	1291	98.36230769230768	18.0	0.3939393939393939	0.5454545454545454
HSM7J4QT	649756	Anaerostipes_hadrus	2946270	44.0	33.0	0.077	1.409	3196	99.30151515151515	39.0	0.75	0.8863636363636364
HSM7J4QT	674529	Bacteroides_faecis	6352228	7.0	2.0	0.003	1.000	195	97.965	4.0	0.2857142857142857	0.5714285714285714
HSM7J4QT	2093857	Dysosmobacter_welbionis	3381318	210.0	193.0	0.472	1.192	19043	99.75233160621762	203.0	0.919047619047619	0.9666666666666667
HSM7J4QT	2714355	Vescimonas_coprocola	2557760	1.0	1.0	0.004	1.000	101	99.01	1.0	1.0	1.0
HSM7J4QT	2847299	Bacteroides_sp._DH3716P	6640706	1.0	1.0	0.001	1.000	74	98.65	1.0	1.0	1.0
HSM7J4QT	2929495	Faecalibacterium_sp._I4-3-84	3119411	120.0	102.0	0.262	1.216	9958	99.47137254901959	115.0	0.85	0.9583333333333334
HSM7J4QT	40545	Sutterella_wadsworthensis		0.0								
HSM7J4QT	46506	Bacteroides_stercoris	4009829	3.0	1.0	0.003	1.000	101	100.0	2.0	0.3333333333333333	0.6666666666666666
HSM7J4QT	165179	Segatella_copri	3551614	2.0	0.0	0				0.0	0.0	0.0
HSM7J4QT	246787	Bacteroides_cellulosilyticus	7271073	13.0	11.0	0.015	1.000	1104	98.91363636363636	11.0	0.8461538461538461	0.8461538461538461
HSM7J4QT	328812	Parabacteroides_goldsteinii		0.0								
HSM7J4QT	454154	Paraprevotella_clara		0.0								
HSM7J4QT	1160721	Ruminococcus_bicirculans_-ex_Wegman_et_al._2014-		0.0								
HSM7J4QT	2518605	Segatella_hominis		0.0								
HSM7J4QT	2763670	Wujia_chipingensis	2942917	4.0	4.0	0.007	2.015	397	98.97749999999999	4.0	1.0	1.0
HSM7J4QT	2929491	Faecalibacterium_sp._HTF-F	2919330	29.0	17.0	0.054	1.070	1690	98.69764705882352	24.0	0.5862068965517241	0.8275862068965517
HSMA33J3	562	Escherichia_coli	5594605	25.0	5.0	0.009	1.000	495	98.584	13.0	0.2	0.52
HSMA33J3	817	Bacteroides_fragilis	5241700	69.0	2.0	0.004	1.000	202	100.0	2.0	0.028985507246376812	0.028985507246376812
HSMA33J3	818	Bacteroides_thetaiotaomicron	6304193	150.0	91.0	0.117	1.204	8854	99.85230769230769	95.0	0.6066666666666667	0.6333333333333333
HSMA33J3	820	Bacteroides_uniformis	4920161	272.0	137.0	0.241	1.132	13441	99.36839416058395	158.0	0.5036764705882353	0.5808823529411765
HSMA33J3	821	Phocaeicola_vulgatus	5163189	3073.0	2446.0	3.846	1.207	239718	99.6150204415372	2549.0	0.7959648551903677	0.8294825903026358
HSMA33J3	823	Parabacteroides_distasonis	5348976	40.0	18.0	0.028	1.193	1808	99.77888888888889	18.0	0.45	0.45
HSMA33J3	853	Faecalibacterium_prausnitzii	3127383	131.0	26.0	0.066	1.215	2518	97.85730769230769	31.0	0.1984732824427481	0.2366412213740458
HSMA33J3	1531	Enterocloster_clostridioformis	5539047	1.0	1.0	0.001	1.000	81	100.0	1.0	1.0	1.0
HSMA33J3	28116	Bacteroides_ovatus	6472489	77.0	49.0	0.067	1.109	4803	99.83755102040816	51.0	0.6363636363636364	0.6623376623376623
HSMA33J3	28118	Odoribacter_splanchnicus	4392177	33.0	27.0	0.054	1.122	2641	99.92555555555555	33.0	0.8181818181818182	1.0
HSMA33J3	33025	Phascolarctobacterium_faecium		0.0								
HSMA33J3	33039	-Ruminococcus-_torques	2979783	21.0	2.0	0.007	1.000	202	100.0	3.0	0.09523809523809523	0.14285714285714285
HSMA33J3	39488	Anaerobutyricum_hallii	3455681	20.0	19.0	0.051	1.084	1898	99.78894736842105	20.0	0.95	1.0
HSMA33J3	39491	Agathobacter_rectalis	3451485	116.0	89.0	0.218	1.146	8624	99.04438202247192	101.0	0.7672413793103449	0.8706896551724138
HSMA33J3	39496	Eubacterium_ventriosum	2761423	17.0	15.0	0.047	1.157	1509	99.53466666666667	15.0	0.8823529411764706	0.8823529411764706
HSMA33J3	40520	Blautia_obeum	3649956	10.0	10.0	0.027	1.000	998	99.80199999999999	10.0	1.0	1.0
HSMA33J3	46503	Parabacteroides_merdae	4403124	283.0	249.0	0.487	1.144	24514	99.56257028112451	256.0	0.8798586572438163	0.9045936395759717
HSMA33J3	47678	Bacteroides_caccae	5499725	2.0	0.0	0				0.0	0.0	0.0
HSMA33J3	88431	Dorea_longicatena	2919963	16.0	12.0	0.038	1.089	1212	99.67	14.0	0.75	0.875
HSMA33J3	166486	Roseburia_intestinalis	4493348	73.0	62.0	0.103	1.252	5799	99.34129032258065	66.0	0.8493150684931506	0.9041095890410958
HSMA33J3	187327	Acidaminococcus_intestini		0.0								
HSMA33J3	208479	Enterocloster_bolteae	6377378	4.0	2.0	0.002	1.741	202	99.01	2.0	0.5	0.5
HSMA33J3	214856	Alistipes_finegoldii	3563510	4.0	0.0	0				1.0	0.0	0.25
HSMA33J3	239935	Akkermansia_muciniphila	2878459	1.0	1.0	0.002	1.000	67	100.0	1.0	1.0	1.0
HSMA33J3	292800	Flavonifractor_plautii	3985392	43.0	37.0	0.071	1.297	3655	99.37189189189189	38.0	0.8604651162790697	0.8837209302325582
HSMA33J3	301301	Roseburia_hominis	3592125	9.0	8.0	0.022	1.000	800	99.505	8.0	0.8888888888888888	0.8888888888888888
HSMA33J3	328813	Alistipes_onderdonkii	3507492	27.0	22.0	0.054	1.142	2166	98.86	24.0	0.8148148148148148	0.8888888888888888
HSMA33J3	328814	Alistipes_shahii	3809618	75.0	70.0	0.148	1.212	6849	99.83871428571429	74.0	0.9333333333333333	0.9866666666666667
HSMA33J3	329854	Bacteroides_intestinalis	6052596	1.0	1.0	0.002	1.000	101	100.0	1.0	1.0	1.0
HSMA33J3	357276	Phocaeicola_dorei	5625488	76.0	41.0	0.056	1.242	3893	99.17390243902439	46.0	0.5394736842105263	0.6052631578947368
HSMA33J3	371601	Bacteroides_xylanisolvens	6558523	53.0	13.0	0.018	1.120	1311	99.08384615384615	14.0	0.24528301886792453	0.2641509433962264
HSMA33J3	411483	Faecalibacterium_duncaniae	3102523	3.0	3.0	0.010	1.000	301	98.67	3.0	1.0	1.0
HSMA33J3	649756	Anaerostipes_hadrus	2946270	22.0	19.0	0.051	1.216	1829	99.25368421052632	19.0	0.8636363636363636	0.8636363636363636
HSMA33J3	674529	Bacteroides_faecis	6352228	16.0	5.0	0.006	1.208	448	97.61999999999999	10.0	0.3125	0.625
HSMA33J3	2093857	Dysosmobacter_welbionis	3381318	17.0	13.0	0.029	1.251	1238	98.9876923076923	13.0	0.7647058823529411	0.7647058823529411
HSMA33J3	2714355	Vescimonas_coprocola	2557760	10.0	10.0	0.028	1.314	955	99.49600000000001	10.0	1.0	1.0
HSMA33J3	2847299	Bacteroides_sp._DH3716P	6640706	36.0	34.0	0.040	1.257	3352	99.91235294117647	35.0	0.9444444444444444	0.9722222222222222
HSMA33J3	2929495	Faecalibacterium_sp._I4-3-84	3119411	26.0	24.0	0.062	1.231	2379	98.79041666666667	26.0	0.9230769230769231	1.0
HSMA33J3	40545	Sutterella_wadsworthensis	3026517	209.0	205.0	0.575	1.159	20160	99.60663414634146	208.0	0.9808612440191388	0.9952153110047847
HSMA33J3	46506	Bacteroides_stercoris	4009829	228.0	201.0	0.427	1.149	19676	99.40388059701493	209.0	0.881578947368421	0.9166666666666666
HSMA33J3	165179	Segatella_copri	3551614	8881.0	6198.0	12.316	1.375	601452	98.78272668602774	6808.0	0.6978943812633712	0.766580340051796
HSMA33J3	246787	Bacteroides_cellulosilyticus		0.0								
HSMA33J3	328812	Parabacteroides_goldsteinii	7053599	183.0	168.0	0.202	1.151	16440	99.38892857142855	174.0	0.9180327868852459	0.9508196721311475
HSMA33J3	454154	Paraprevotella_clara	4233768	412.0	347.0	0.688	1.162	33834	99.13876080691644	378.0	0.8422330097087378	0.9174757281553398
HSMA33J3	1160721	Ruminococcus_bicirculans_-ex_Wegman_et_al._2014-		0.0								
HSMA33J3	2518605	Segatella_hominis	4105402	73.0	29.0	0.055	1.266	2873	98.26068965517243	44.0	0.3972602739726027	0.6027397260273972
HSMA33J3	2763670	Wujia_chipingensis		0.0								
HSMA33J3	2929491	Faecalibacterium_sp._HTF-F	2919330	11.0	6.0	0.020	1.000	591	99.33999999999999	10.0	0.5454545454545454	0.9090909090909091
HSMA33KE	562	Escherichia_coli		0.0								
HSMA33KE	817	Bacteroides_fragilis	5241700	820.0	711.0	1.134	1.172	69666	99.60260196905766	733.0	0.8670731707317073	0.8939024390243903
HSMA33KE	818	Bacteroides_thetaiotaomicron	6304193	104.0	6.0	0.006	1.465	573	98.94	6.0	0.057692307692307696	0.057692307692307696
HSMA33KE	820	Bacteroides_uniformis	4920161	153.0	94.0	0.149	1.232	9052	99.06893617021277	99.0	0.6143790849673203	0.6470588235294118
HSMA33KE	821	Phocaeicola_vulgatus	5163189	3613.0	3193.0	4.829	1.251	311983	99.66994049483245	3302.0	0.8837531137558815	0.9139219485192361
HSMA33KE	823	Parabacteroides_distasonis	5348976	156.0	58.0	0.091	1.149	5598	98.75844827586207	73.0	0.3717948717948718	0.46794871794871795
HSMA33KE	853	Faecalibacterium_prausnitzii	3127383	74.0	6.0	0.014	1.195	533	98.75833333333334	13.0	0.08108108108108109	0.17567567567567569
HSMA33KE	1531	Enterocloster_clostridioformis	5539047	13.0	13.0	0.017	1.261	1204	99.69461538461539	13.0	1.0	1.0
HSMA33KE	28116	Bacteroides_ovatus	6472489	92.0	29.0	0.038	1.153	2818	98.40241379310348	35.0	0.31521739130434784	0.3804347826086957
HSMA33KE	28118	Odoribacter_splanchnicus	4392177	142.0	142.0	0.266	1.197	13995	99.56570422535212	141.0	1.0	0.9929577464788732
HSMA33KE	33025	Phascolarctobacterium_faecium	2454371	200.0	166.0	0.569	1.160	16190	99.55819277108434	190.0	0.83	0.95
HSMA33KE	33039	-Ruminococcus-_torques	2979783	486.0	177.0	0.496	1.174	17345	99.75768361581922	191.0	0.36419753086419754	0.39300411522633744
HSMA33KE	39488	Anaerobutyricum_hallii	3455681	326.0	300.0	0.716	1.180	29172	99.71683333333333	308.0	0.9202453987730062	0.9447852760736196
HSMA33KE	39491	Agathobacter_rectalis	3451485	677.0	506.0	1.146	1.241	49102	98.82557312252965	569.0	0.7474150664697193	0.8404726735598228
HSMA33KE	39496	Eubacterium_ventriosum	2761423	104.0	82.0	0.238	1.215	7968	99.31073170731707	91.0	0.7884615384615384	0.875
HSMA33KE	40520	Blautia_obeum	3649956	20.0	10.0	0.025	1.110	998	99.50399999999999	11.0	0.5	0.55
HSMA33KE	46503	Parabacteroides_merdae	4403124	567.0	537.0	0.970	1.228	52424	99.96774674115456	556.0	0.9470899470899471	0.9805996472663139
HSMA33KE	47678	Bacteroides_caccae	5499725	548.0	500.0	0.752	1.179	48763	99.79348000000002	521.0	0.9124087591240876	0.9507299270072993
HSMA33KE	88431	Dorea_longicatena	2919963	198.0	167.0	0.471	1.191	16398	99.52491017964071	176.0	0.8434343434343434	0.8888888888888888
HSMA33KE	166486	Roseburia_intestinalis	4493348	16.0	8.0	0.015	1.186	803	98.88624999999999	8.0	0.5	0.5
HSMA33KE	187327	Acidaminococcus_intestini		0.0								
HSMA33KE	208479	Enterocloster_bolteae	6377378	32.0	16.0	0.022	1.117	1590	99.1825	18.0	0.5	0.5625
HSMA33KE	214856	Alistipes_finegoldii	3563510	239.0	174.0	0.407	1.178	17084	98.99758620689656	196.0	0.7280334728033473	0.8200836820083682
HSMA33KE	239935	Akkermansia_muciniphila	2878459	2.0	0.0	0				0.0	0.0	0.0
HSMA33KE	292800	Flavonifractor_plautii	3985392	324.0	275.0	0.545	1.234	26805	99.35974545454546	285.0	0.8487654320987654	0.8796296296296297
HSMA33KE	301301	Roseburia_hominis	3592125	19.0	10.0	0.026	1.061	1004	99.19800000000001	13.0	0.5263157894736842	0.6842105263157895
HSMA33KE	328813	Alistipes_onderdonkii	3507492	6.0	1.0	0.003	1.000	101	95.05	5.0	0.16666666666666666	0.8333333333333334
HSMA33KE	328814	Alistipes_shahii	3809618	382.0	370.0	0.781	1.208	35934	99.78324324324325	382.0	0.9685863874345549	1.0
HSMA33KE	329854	Bacteroides_intestinalis	6052596	2.0	0.0	0				0.0	0.0	0.0
HSMA33KE	357276	Phocaeicola_dorei	5625488	76.0	48.0	0.065	1.287	4674	99.27479166666667	51.0	0.631578947368421	0.6710526315789473
HSMA33KE	371601	Bacteroides_xylanisolvens	6558523	436.0	306.0	0.382	1.202	30141	99.34032679738561	337.0	0.7018348623853211	0.7729357798165137
HSMA33KE	411483	Faecalibacterium_duncaniae	3102523	13.0	9.0	0.025	1.108	854	99.55777777777777	10.0	0.6923076923076923	0.7692307692307693
HSMA33KE	649756	Anaerostipes_hadrus	2946270	216.0	178.0	0.485	1.215	17365	99.39101123595505	190.0	0.8240740740740741	0.8796296296296297
HSMA33KE	674529	Bacteroides_faecis	6352228	442.0	374.0	0.463	1.244	36588	99.83877005347593	387.0	0.8461538461538461	0.8755656108597285
HSMA33KE	2093857	Dysosmobacter_welbionis	3381318	77.0	74.0	0.162	1.308	7154	99.47243243243243	74.0	0.961038961038961	0.961038961038961
HSMA33KE	2714355	Vescimonas_coprocola	2557760	213.0	211.0	0.682	1.187	20717	99.1650710900474	213.0	0.9906103286384976	1.0
HSMA33KE	2847299	Bacteroides_sp._DH3716P	6640706	68.0	66.0	0.077	1.262	6449	99.915	68.0	0.9705882352941176	1.0
HSMA33KE	2929495	Faecalibacterium_sp._I4-3-84	3119411	10.0	8.0	0.022	1.130	776	99.34125	10.0	0.8	1.0
HSMA33KE	40545	Sutterella_wadsworthensis		0.0								
HSMA33KE	46506	Bacteroides_stercoris	4009829	2.0	0.0	0				0.0	0.0	0.0
HSMA33KE	165179	Segatella_copri	3551614	1.0	0.0	0				0.0	0.0	0.0
HSMA33KE	246787	Bacteroides_cellulosilyticus		0.0								
HSMA33KE	328812	Parabacteroides_goldsteinii	7053599	2.0	1.0	0.001	1.000	101	100.0	1.0	0.5	0.5
HSMA33KE	454154	Paraprevotella_clara		0.0								
HSMA33KE	1160721	Ruminococcus_bicirculans_-ex_Wegman_et_al._2014-		0.0								
HSMA33KE	2518605	Segatella_hominis		0.0								
HSMA33KE	2763670	Wujia_chipingensis		0.0								
HSMA33KE	2929491	Faecalibacterium_sp._HTF-F	2919330	10.0	7.0	0.023	1.067	705	98.43857142857144	7.0	0.7	0.7
MSM79HA3	562	Escherichia_coli		0.0								
MSM79HA3	817	Bacteroides_fragilis	5241700	165.0	151.0	0.236	1.193	14750	99.64953642384106	159.0	0.9151515151515152	0.9636363636363636
MSM79HA3	818	Bacteroides_thetaiotaomicron	6304193	31.0	11.0	0.018	1.000	1105	98.47000000000001	14.0	0.3548387096774194	0.45161290322580644
MSM79HA3	820	Bacteroides_uniformis	4920161	208.0	158.0	0.277	1.141	15575	99.35943037974684	174.0	0.7596153846153846	0.8365384615384616
MSM79HA3	821	Phocaeicola_vulgatus	5163189	378.0	304.0	0.486	1.188	29791	99.70973684210527	315.0	0.8042328042328042	0.8333333333333334
MSM79HA3	823	Parabacteroides_distasonis	5348976	51.0	30.0	0.048	1.155	2944	99.19466666666666	36.0	0.5882352941176471	0.7058823529411765
MSM79HA3	853	Faecalibacterium_prausnitzii	3127383	56.0	4.0	0.011	1.000	342	98.025	9.0	0.07142857142857142	0.16071428571428573
MSM79HA3	1531	Enterocloster_clostridioformis		0.0								
MSM79HA3	28116	Bacteroides_ovatus	6472489	11.0	2.0	0.003	1.000	190	98.875	2.0	0.18181818181818182	0.18181818181818182
MSM79HA3	28118	Odoribacter_splanchnicus	4392177	94.0	90.0	0.165	1.220	8825	99.88988888888889	94.0	0.9574468085106383	1.0
MSM79HA3	33025	Phascolarctobacterium_faecium	2454371	120.0	98.0	0.322	1.213	9603	99.54377551020409	117.0	0.8166666666666667	0.975
MSM79HA3	33039	-Ruminococcus-_torques	2979783	2.0	2.0	0.007	1.000	198	99.0	2.0	1.0	1.0
MSM79HA3	39488	Anaerobutyricum_hallii	3455681	3.0	3.0	0.009	1.000	303	97.69	3.0	1.0	1.0
MSM79HA3	39491	Agathobacter_rectalis	3451485	30.0	19.0	0.030	1.601	1665	99.27631578947368	23.0	0.6333333333333333	0.7666666666666667
MSM79HA3	39496	Eubacterium_ventriosum		0.0								
MSM79HA3	40520	Blautia_obeum	3649956	5.0	2.0	0.002	2.000	130	100.0	2.0	0.4	0.4
MSM79HA3	46503	Parabacteroides_merdae	4403124	7.0	1.0	0.002	1.000	101	100.0	1.0	0.14285714285714285	0.14285714285714285
MSM79HA3	47678	Bacteroides_caccae	5499725	323.0	300.0	0.433	1.233	29403	99.75593333333333	305.0	0.9287925696594427	0.9442724458204335
MSM79HA3	88431	Dorea_longicatena	2919963	1.0	1.0	0.003	1.000	101	100.0	1.0	1.0	1.0
MSM79HA3	166486	Roseburia_intestinalis	4493348	74.0	59.0	0.105	1.199	5632	99.37728813559322	65.0	0.7972972972972973	0.8783783783783784
MSM79HA3	187327	Acidaminococcus_intestini		0.0								
MSM79HA3	208479	Enterocloster_bolteae	6377378	4.0	0.0	0				0.0	0.0	0.0
MSM79HA3	214856	Alistipes_finegoldii	3563510	72.0	51.0	0.116	1.194	4937	99.10725490196077	57.0	0.7083333333333334	0.7916666666666666
MSM79HA3	239935	Akkermansia_muciniphila	2878459	4.0	0.0	0				0.0	0.0	0.0
MSM79HA3	292800	Flavonifractor_plautii	3985392	2.0	0.0	0				0.0	0.0	0.0
MSM79HA3	301301	Roseburia_hominis	3592125	16.0	12.0	0.026	1.221	1125	99.65499999999999	12.0	0.75	0.75
MSM79HA3	328813	Alistipes_onderdonkii	3507492	27.0	15.0	0.036	1.151	1454	98.37599999999999	16.0	0.5555555555555556	0.5925925925925926
MSM79HA3	328814	Alistipes_shahii	3809618	201.0	187.0	0.398	1.201	18204	99.71085561497327	199.0	0.9303482587064676	0.9900497512437811
MSM79HA3	329854	Bacteroides_intestinalis	6052596	59.0	53.0	0.071	1.191	5134	99.36943396226415	55.0	0.8983050847457628	0.9322033898305084
MSM79HA3	357276	Phocaeicola_dorei	5625488	287.0	262.0	0.386	1.182	25703	99.74572519083969	275.0	0.9128919860627178	0.9581881533101045
MSM79HA3	371601	Bacteroides_xylanisolvens	6558523	4.0	0.0	0				0.0	0.0	0.0
MSM79HA3	411483	Faecalibacterium_duncaniae	3102523	7.0	3.0	0.006	1.465	274	99.23333333333333	3.0	0.42857142857142855	0.42857142857142855
MSM79HA3	649756	Anaerostipes_hadrus	2946270	5.0	5.0	0.012	1.223	450	98.574	5.0	1.0	1.0
MSM79HA3	674529	Bacteroides_faecis	6352228	225.0	194.0	0.263	1.151	19254	99.79231958762887	199.0	0.8622222222222222	0.8844444444444445
MSM79HA3	2093857	Dysosmobacter_welbionis	3381318	11.0	3.0	0.009	1.000	302	98.67666666666666	4.0	0.2727272727272727	0.36363636363636365
MSM79HA3	2714355	Vescimonas_coprocola	2557760	3.0	1.0	0.004	1.000	100	97.0	2.0	0.3333333333333333	0.6666666666666666
MSM79HA3	2847299	Bacteroides_sp._DH3716P		0.0								
MSM79HA3	2929495	Faecalibacterium_sp._I4-3-84	3119411	5.0	3.0	0.009	1.000	267	98.02	5.0	0.6	1.0
MSM79HA3	40545	Sutterella_wadsworthensis	3026517	83.0	81.0	0.215	1.215	7920	99.65012345679013	83.0	0.9759036144578314	1.0
MSM79HA3	46506	Bacteroides_stercoris	4009829	2.0	0.0	0				0.0	0.0	0.0
MSM79HA3	165179	Segatella_copri	3551614	10713.0	7675.0	14.572	1.440	745495	98.76901368078175	8434.0	0.7164193036497714	0.7872678054699898
MSM79HA3	246787	Bacteroides_cellulosilyticus	7271073	116.0	96.0	0.107	1.205	9334	99.30062500000001	104.0	0.8275862068965517	0.896551724137931
MSM79HA3	328812	Parabacteroides_goldsteinii	7053599	170.0	144.0	0.161	1.248	14170	99.33513888888888	158.0	0.8470588235294118	0.9294117647058824
MSM79HA3	454154	Paraprevotella_clara		0.0								
MSM79HA3	1160721	Ruminococcus_bicirculans_-ex_Wegman_et_al._2014-	2968500	4.0	2.0	0.007	1.000	196	96.39500000000001	4.0	0.5	1.0
MSM79HA3	2518605	Segatella_hominis	4105402	120.0	42.0	0.077	1.305	4103	98.41809523809522	55.0	0.35	0.4583333333333333
MSM79HA3	2763670	Wujia_chipingensis	2942917	104.0	97.0	0.241	1.305	9238	99.77309278350515	104.0	0.9326923076923077	1.0
MSM79HA3	2929491	Faecalibacterium_sp._HTF-F	2919330	31.0	28.0	0.085	1.101	2722	98.96571428571428	30.0	0.9032258064516129	0.967741935483871
MSM9VZHR	562	Escherichia_coli	5594605	1.0	1.0	0.002	1.000	100	96.0	1.0	1.0	1.0
MSM9VZHR	817	Bacteroides_fragilis	5241700	20.0	0.0	0				0.0	0.0	0.0
MSM9VZHR	818	Bacteroides_thetaiotaomicron	6304193	949.0	568.0	0.639	1.338	53917	99.21401408450704	666.0	0.5985247629083246	0.7017913593256059
MSM9VZHR	820	Bacteroides_uniformis	4920161	6.0	3.0	0.006	1.000	291	100.0	3.0	0.5	0.5
MSM9VZHR	821	Phocaeicola_vulgatus	5163189	110.0	61.0	0.085	1.334	5875	98.77868852459017	62.0	0.5545454545454546	0.5636363636363636
MSM9VZHR	823	Parabacteroides_distasonis	5348976	4.0	0.0	0				0.0	0.0	0.0
MSM9VZHR	853	Faecalibacterium_prausnitzii	3127383	463.0	69.0	0.157	1.288	6341	98.28681159420292	127.0	0.1490280777537797	0.27429805615550756
MSM9VZHR	1531	Enterocloster_clostridioformis	5539047	2.0	2.0	0.001	2.000	158	100.0	2.0	1.0	1.0
MSM9VZHR	28116	Bacteroides_ovatus	6472489	51.0	11.0	0.016	1.074	1094	98.82363636363635	19.0	0.21568627450980393	0.37254901960784315
MSM9VZHR	28118	Odoribacter_splanchnicus		0.0								
MSM9VZHR	33025	Phascolarctobacterium_faecium		0.0								
MSM9VZHR	33039	-Ruminococcus-_torques	2979783	10.0	2.0	0.007	1.000	201	97.055	2.0	0.2	0.2
MSM9VZHR	39488	Anaerobutyricum_hallii	3455681	4.0	1.0	0.003	1.000	97	97.94	1.0	0.25	0.25
MSM9VZHR	39491	Agathobacter_rectalis	3451485	2018.0	1561.0	3.052	1.390	146431	99.28558616271621	1766.0	0.7735381565906838	0.8751238850346879
MSM9VZHR	39496	Eubacterium_ventriosum	2761423	114.0	98.0	0.274	1.251	9472	99.38418367346938	108.0	0.8596491228070176	0.9473684210526315
MSM9VZHR	40520	Blautia_obeum	3649956	8.0	5.0	0.008	1.566	437	98.29600000000002	5.0	0.625	0.625
MSM9VZHR	46503	Parabacteroides_merdae		0.0								
MSM9VZHR	47678	Bacteroides_caccae		0.0								
MSM9VZHR	88431	Dorea_longicatena	2919963	11.0	9.0	0.021	1.397	851	100.0	9.0	0.8181818181818182	0.8181818181818182
MSM9VZHR	166486	Roseburia_intestinalis	4493348	76.0	50.0	0.085	1.222	4651	99.44	54.0	0.6578947368421053	0.7105263157894737
MSM9VZHR	187327	Acidaminococcus_intestini		0.0								
MSM9VZHR	208479	Enterocloster_bolteae		0.0								
MSM9VZHR	214856	Alistipes_finegoldii	3563510	3.0	0.0	0				0.0	0.0	0.0
MSM9VZHR	239935	Akkermansia_muciniphila		0.0								
MSM9VZHR	292800	Flavonifractor_plautii	3985392	6.0	6.0	0.010	1.386	578	99.175	6.0	1.0	1.0
MSM9VZHR	301301	Roseburia_hominis	3592125	14.0	9.0	0.017	1.326	822	99.30222222222223	9.0	0.6428571428571429	0.6428571428571429
MSM9VZHR	328813	Alistipes_onderdonkii	3507492	6.0	0.0	0				0.0	0.0	0.0
MSM9VZHR	328814	Alistipes_shahii	3809618	11.0	9.0	0.019	1.180	858	98.21777777777778	11.0	0.8181818181818182	1.0
MSM9VZHR	329854	Bacteroides_intestinalis		0.0								
MSM9VZHR	357276	Phocaeicola_dorei	5625488	5701.0	4746.0	5.808	1.383	451852	99.73789717656973	5139.0	0.8324855288545869	0.9014208033678303
MSM9VZHR	371601	Bacteroides_xylanisolvens	6558523	566.0	312.0	0.358	1.265	29677	98.96217948717948	365.0	0.5512367491166078	0.6448763250883393
MSM9VZHR	411483	Faecalibacterium_duncaniae	3102523	25.0	10.0	0.023	1.361	953	98.60499999999999	11.0	0.4	0.44
MSM9VZHR	649756	Anaerostipes_hadrus	2946270	14.0	9.0	0.025	1.250	905	98.89666666666666	10.0	0.6428571428571429	0.7142857142857143
MSM9VZHR	674529	Bacteroides_faecis	6352228	9.0	4.0	0.006	1.000	401	99.0025	4.0	0.4444444444444444	0.4444444444444444
MSM9VZHR	2093857	Dysosmobacter_welbionis	3381318	23.0	14.0	0.024	1.589	1292	99.64642857142857	21.0	0.6086956521739131	0.9130434782608695
MSM9VZHR	2714355	Vescimonas_coprocola	2557760	23.0	19.0	0.043	1.557	1730	99.42315789473685	23.0	0.8260869565217391	1.0
MSM9VZHR	2847299	Bacteroides_sp._DH3716P	6640706	6.0	6.0	0.007	1.146	541	100.0	6.0	1.0	1.0
MSM9VZHR	2929495	Faecalibacterium_sp._I4-3-84	3119411	22.0	16.0	0.034	1.304	1400	99.48125	22.0	0.7272727272727273	1.0
MSM9VZHR	40545	Sutterella_wadsworthensis		0.0								
MSM9VZHR	46506	Bacteroides_stercoris	4009829	4.0	3.0	0.005	1.454	269	100.0	3.0	0.75	0.75
MSM9VZHR	165179	Segatella_copri	3551614	2.0	0.0	0				0.0	0.0	0.0
MSM9VZHR	246787	Bacteroides_cellulosilyticus		0.0								
MSM9VZHR	328812	Parabacteroides_goldsteinii	7053599	19.0	0.0	0				0.0	0.0	0.0
MSM9VZHR	454154	Paraprevotella_clara		0.0								
MSM9VZHR	1160721	Ruminococcus_bicirculans_-ex_Wegman_et_al._2014-	2968500	200.0	174.0	0.443	1.257	16529	99.37402298850576	197.0	0.87	0.985
MSM9VZHR	2518605	Segatella_hominis		0.0								
MSM9VZHR	2763670	Wujia_chipingensis	2942917	18.0	18.0	0.035	1.531	1597	98.43388888888889	16.0	1.0	0.8888888888888888
MSM9VZHR	2929491	Faecalibacterium_sp._HTF-F	2919330	123.0	91.0	0.206	1.392	8387	99.1257142857143	115.0	0.7398373983739838	0.9349593495934959
MSMB4LXW	562	Escherichia_coli	5594605	2.0	1.0	0.002	1.000	96	95.83	1.0	0.5	0.5
MSMB4LXW	817	Bacteroides_fragilis	5241700	22.0	0.0	0				0.0	0.0	0.0
MSMB4LXW	818	Bacteroides_thetaiotaomicron	6304193	177.0	53.0	0.066	1.244	5147	99.33754716981133	59.0	0.2994350282485876	0.3333333333333333
MSMB4LXW	820	Bacteroides_uniformis	4920161	1282.0	927.0	1.452	1.259	89920	99.52549083063647	1012.0	0.7230889235569423	0.7893915756630265
MSMB4LXW	821	Phocaeicola_vulgatus	5163189	2607.0	2153.0	3.128	1.289	208201	99.59362285183465	2300.0	0.8258534714230916	0.8822401227464519
MSMB4LXW	823	Parabacteroides_distasonis	5348976	234.0	121.0	0.175	1.267	11857	98.89719008264463	137.0	0.5170940170940171	0.5854700854700855
MSMB4LXW	853	Faecalibacterium_prausnitzii	3127383	572.0	156.0	0.375	1.263	14810	98.92538461538462	232.0	0.2727272727272727	0.40559440559440557
MSMB4LXW	1531	Enterocloster_clostridioformis	5539047	4.0	3.0	0.005	1.000	298	98.66333333333334	4.0	0.75	1.0
MSMB4LXW	28116	Bacteroides_ovatus	6472489	39.0	10.0	0.014	1.101	992	98.86699999999999	11.0	0.2564102564102564	0.28205128205128205
MSMB4LXW	28118	Odoribacter_splanchnicus	4392177	28.0	26.0	0.046	1.216	2476	99.76769230769231	28.0	0.9285714285714286	1.0
MSMB4LXW	33025	Phascolarctobacterium_faecium		0.0								
MSMB4LXW	33039	-Ruminococcus-_torques	2979783	40.0	2.0	0.007	1.000	202	100.0	2.0	0.05	0.05
MSMB4LXW	39488	Anaerobutyricum_hallii	3455681	25.0	22.0	0.052	1.127	2032	99.305	23.0	0.88	0.92
MSMB4LXW	39491	Agathobacter_rectalis	3451485	988.0	777.0	1.670	1.300	74938	99.06949806949807	875.0	0.7864372469635628	0.8856275303643725
MSMB4LXW	39496	Eubacterium_ventriosum	2761423	6.0	3.0	0.007	1.488	299	99.32	3.0	0.5	0.5
MSMB4LXW	40520	Blautia_obeum	3649956	22.0	10.0	0.019	1.327	921	99.604	12.0	0.45454545454545453	0.5454545454545454
MSMB4LXW	46503	Parabacteroides_merdae	4403124	186.0	162.0	0.273	1.294	15576	99.98777777777778	170.0	0.8709677419354839	0.9139784946236559
MSMB4LXW	47678	Bacteroides_caccae	5499725	237.0	217.0	0.303	1.283	21360	99.80032258064516	223.0	0.9156118143459916	0.9409282700421941
MSMB4LXW	88431	Dorea_longicatena	2919963	115.0	92.0	0.246	1.246	8966	99.61989130434783	99.0	0.8	0.8608695652173913
MSMB4LXW	166486	Roseburia_intestinalis	4493348	136.0	107.0	0.179	1.268	10174	99.48252336448601	114.0	0.7867647058823529	0.8382352941176471
MSMB4LXW	187327	Acidaminococcus_intestini		0.0								
MSMB4LXW	208479	Enterocloster_bolteae	6377378	8.0	6.0	0.008	1.196	604	100.0	6.0	0.75	0.75
MSMB4LXW	214856	Alistipes_finegoldii	3563510	16.0	8.0	0.017	1.278	782	98.9825	10.0	0.5	0.625
MSMB4LXW	239935	Akkermansia_muciniphila		0.0								
MSMB4LXW	292800	Flavonifractor_plautii	3985392	16.0	6.0	0.011	1.400	606	100.0	7.0	0.375	0.4375
MSMB4LXW	301301	Roseburia_hominis	3592125	14.0	11.0	0.028	1.106	1104	99.81727272727272	11.0	0.7857142857142857	0.7857142857142857
MSMB4LXW	328813	Alistipes_onderdonkii	3507492	19.0	17.0	0.037	1.232	1592	99.4735294117647	15.0	0.8947368421052632	0.7894736842105263
MSMB4LXW	328814	Alistipes_shahii	3809618	10.0	10.0	0.019	1.379	990	99.39	10.0	1.0	1.0
MSMB4LXW	329854	Bacteroides_intestinalis		0.0								
MSMB4LXW	357276	Phocaeicola_dorei	5625488	280.0	195.0	0.274	1.228	18936	99.72292307692307	214.0	0.6964285714285714	0.7642857142857142
MSMB4LXW	371601	Bacteroides_xylanisolvens	6558523	15.0	9.0	0.011	1.155	865	99.66888888888889	9.0	0.6	0.6
MSMB4LXW	411483	Faecalibacterium_duncaniae	3102523	47.0	30.0	0.077	1.243	2958	98.83733333333335	36.0	0.6382978723404256	0.7659574468085106
MSMB4LXW	649756	Anaerostipes_hadrus	2946270	234.0	183.0	0.403	1.442	17100	99.31502732240438	202.0	0.782051282051282	0.8632478632478633
MSMB4LXW	674529	Bacteroides_faecis	6352228	11.0	1.0	0.001	1.000	93	98.92	1.0	0.09090909090909091	0.09090909090909091
MSMB4LXW	2093857	Dysosmobacter_welbionis	3381318	6.0	6.0	0.016	1.150	606	99.835	6.0	1.0	1.0
MSMB4LXW	2714355	Vescimonas_coprocola	2557760	2.0	2.0	0.006	1.178	185	99.405	2.0	1.0	1.0
MSMB4LXW	2847299	Bacteroides_sp._DH3716P		0.0								
MSMB4LXW	2929495	Faecalibacterium_sp._I4-3-84	3119411	94.0	86.0	0.206	1.283	8242	99.39430232558142	93.0	0.9148936170212766	0.9893617021276596
MSMB4LXW	40545	Sutterella_wadsworthensis	3026517	39.0	38.0	0.106	1.164	3749	99.28657894736843	39.0	0.9743589743589743	1.0
MSMB4LXW	46506	Bacteroides_stercoris	4009829	771.0	690.0	1.290	1.283	66375	99.5272463768116	737.0	0.8949416342412452	0.9559014267185474
MSMB4LXW	165179	Segatella_copri		0.0								
MSMB4LXW	246787	Bacteroides_cellulosilyticus	7271073	3.0	1.0	0.001	1.010	100	97.0	1.0	0.3333333333333333	0.3333333333333333
MSMB4LXW	328812	Parabacteroides_goldsteinii	7053599	4.0	4.0	0.004	1.249	336	100.0	4.0	1.0	1.0
MSMB4LXW	454154	Paraprevotella_clara	4233768	24.0	1.0	0.002	1.000	94	100.0	1.0	0.041666666666666664	0.041666666666666664
MSMB4LXW	1160721	Ruminococcus_bicirculans_-ex_Wegman_et_al._2014-	2968500	49.0	44.0	0.096	1.463	4168	99.7843181818182	49.0	0.8979591836734694	1.0
MSMB4LXW	2518605	Segatella_hominis		0.0								
MSMB4LXW	2763670	Wujia_chipingensis	2942917	11.0	9.0	0.019	1.538	878	99.30888888888889	11.0	0.8181818181818182	1.0
MSMB4LXW	2929491	Faecalibacterium_sp._HTF-F	2919330	58.0	40.0	0.103	1.233	3719	98.2935	48.0	0.6896551724137931	0.8275862068965517
PSM7J18I	562	Escherichia_coli		0.0								
PSM7J18I	817	Bacteroides_fragilis	5241700	1121.0	1037.0	1.654	1.171	101514	99.71023143683702	1072.0	0.9250669045495094	0.9562890276538805
PSM7J18I	818	Bacteroides_thetaiotaomicron	6304193	34.0	8.0	0.012	1.024	764	98.43	8.0	0.23529411764705882	0.23529411764705882
PSM7J18I	820	Bacteroides_uniformis	4920161	482.0	333.0	0.568	1.159	32381	99.3943843843844	367.0	0.6908713692946058	0.7614107883817427
PSM7J18I	821	Phocaeicola_vulgatus	5163189	2896.0	2561.0	4.041	1.205	251468	99.67604841858649	2635.0	0.8843232044198895	0.9098756906077348
PSM7J18I	823	Parabacteroides_distasonis	5348976	98.0	51.0	0.085	1.099	4990	98.80215686274508	56.0	0.5204081632653061	0.5714285714285714
PSM7J18I	853	Faecalibacterium_prausnitzii	3127383	1528.0	133.0	0.334	1.204	12576	97.7978947368421	282.0	0.08704188481675393	0.18455497382198952
PSM7J18I	1531	Enterocloster_clostridioformis	5539047	2.0	0.0	0				2.0	0.0	1.0
PSM7J18I	28116	Bacteroides_ovatus	6472489	76.0	40.0	0.055	1.098	3907	99.4785	47.0	0.5263157894736842	0.618421052631579
PSM7J18I	28118	Odoribacter_splanchnicus	4392177	16.0	16.0	0.035	1.034	1610	99.810625	16.0	1.0	1.0
PSM7J18I	33025	Phascolarctobacterium_faecium		0.0								
PSM7J18I	33039	-Ruminococcus-_torques	2979783	6.0	0.0	0				0.0	0.0	0.0
PSM7J18I	39488	Anaerobutyricum_hallii	3455681	2.0	1.0	0.003	1.000	100	100.0	1.0	0.5	0.5
PSM7J18I	39491	Agathobacter_rectalis	3451485	2079.0	1703.0	3.955	1.215	165830	98.95009982384029	1828.0	0.8191438191438192	0.8792688792688793
PSM7J18I	39496	Eubacterium_ventriosum	2761423	2.0	0.0	0				0.0	0.0	0.0
PSM7J18I	40520	Blautia_obeum	3649956	70.0	60.0	0.132	1.216	5858	99.58800000000001	63.0	0.8571428571428571	0.9
PSM7J18I	46503	Parabacteroides_merdae		0.0								
PSM7J18I	47678	Bacteroides_caccae	5499725	1.0	0.0	0				0.0	0.0	0.0
PSM7J18I	88431	Dorea_longicatena	2919963	121.0	55.0	0.148	1.211	5229	99.19927272727273	61.0	0.45454545454545453	0.5041322314049587
PSM7J18I	166486	Roseburia_intestinalis	4493348	2208.0	1892.0	3.216	1.270	183508	99.60000000000001	2038.0	0.8568840579710145	0.9230072463768116
PSM7J18I	187327	Acidaminococcus_intestini		0.0								
PSM7J18I	208479	Enterocloster_bolteae	6377378	6.0	1.0	0.002	1.000	101	100.0	1.0	0.16666666666666666	0.16666666666666666
PSM7J18I	214856	Alistipes_finegoldii	3563510	15.0	12.0	0.030	1.141	1208	99.33749999999999	14.0	0.8	0.9333333333333333
PSM7J18I	239935	Akkermansia_muciniphila		0.0								
PSM7J18I	292800	Flavonifractor_plautii	3985392	16.0	8.0	0.018	1.141	800	99.12875	8.0	0.5	0.5
PSM7J18I	301301	Roseburia_hominis	3592125	210.0	166.0	0.375	1.202	16189	99.3739156626506	180.0	0.7904761904761904	0.8571428571428571
PSM7J18I	328813	Alistipes_onderdonkii	3507492	1.0	1.0	0.003	1.000	101	100.0	1.0	1.0	1.0
PSM7J18I	328814	Alistipes_shahii	3809618	16.0	16.0	0.035	1.179	1583	99.751875	16.0	1.0	1.0
PSM7J18I	329854	Bacteroides_intestinalis		0.0								
PSM7J18I	357276	Phocaeicola_dorei	5625488	142.0	111.0	0.168	1.153	10892	99.62783783783784	118.0	0.7816901408450704	0.8309859154929577
PSM7J18I	371601	Bacteroides_xylanisolvens	6558523	86.0	58.0	0.082	1.063	5742	98.85379310344828	61.0	0.6744186046511628	0.7093023255813954
PSM7J18I	411483	Faecalibacterium_duncaniae	3102523	233.0	180.0	0.461	1.224	17519	99.19872222222223	187.0	0.7725321888412017	0.8025751072961373
PSM7J18I	649756	Anaerostipes_hadrus	2946270	72.0	55.0	0.160	1.145	5390	98.86872727272727	59.0	0.7638888888888888	0.8194444444444444
PSM7J18I	674529	Bacteroides_faecis	6352228	663.0	585.0	0.771	1.172	57379	99.74051282051282	609.0	0.8823529411764706	0.918552036199095
PSM7J18I	2093857	Dysosmobacter_welbionis	3381318	8.0	8.0	0.021	1.137	790	99.505	8.0	1.0	1.0
PSM7J18I	2714355	Vescimonas_coprocola	2557760	7.0	7.0	0.022	1.272	701	99.71714285714286	7.0	1.0	1.0
PSM7J18I	2847299	Bacteroides_sp._DH3716P	6640706	1.0	1.0	0.002	1.000	101	100.0	1.0	1.0	1.0
PSM7J18I	2929495	Faecalibacterium_sp._I4-3-84	3119411	109.0	100.0	0.257	1.208	9696	99.25450000000001	108.0	0.9174311926605505	0.9908256880733946
PSM7J18I	40545	Sutterella_wadsworthensis		0.0								
PSM7J18I	46506	Bacteroides_stercoris	4009829	1.0	0.0	0				0.0	0.0	0.0
PSM7J18I	165179	Segatella_copri	3551614	1.0	1.0	0.002	1.000	77	100.0	1.0	1.0	1.0
PSM7J18I	246787	Bacteroides_cellulosilyticus	7271073	15.0	10.0	0.012	1.112	999	99.502	14.0	0.6666666666666666	0.9333333333333333
PSM7J18I	328812	Parabacteroides_goldsteinii		0.0								
PSM7J18I	454154	Paraprevotella_clara		0.0								
PSM7J18I	1160721	Ruminococcus_bicirculans_-ex_Wegman_et_al._2014-	2968500	15.0	15.0	0.036	1.275	1363	99.44266666666667	15.0	1.0	1.0
PSM7J18I	2518605	Segatella_hominis		0.0								
PSM7J18I	2763670	Wujia_chipingensis	2942917	9.0	9.0	0.017	1.715	849	99.66000000000001	9.0	1.0	1.0
PSM7J18I	2929491	Faecalibacterium_sp._HTF-F	2919330	77.0	46.0	0.132	1.166	4490	98.8008695652174	64.0	0.5974025974025974	0.8311688311688312
